E_0,L_0,P_0,M_s_0,M_e_0,M_i_0,H_s_0,H_e_0,H_i_0,H_r_0,C,sigma,gamma,mu_H,beta_M,beta_H,theta_M,theta_H,alpha_b,alpha_E,alpha_L,alpha_P,a_b,a_E,a_L,a_P,c_E,c_L,c_P,c_M,d_E,d_L,d_P,d_M,T_b_max,T_E_max,T_L_max,T_P_max,T_E_min,T_L_min,T_P_min,T_M_min,R_b,R_E,R_L,R_P,r_b,r_E,r_L,r_P,s_b,s_E,s_L,s_P,e_E,e_L,e_P
0.22254125773906708,0.8005152344703674,1.2962199449539185,0.38713163137435913,0.3893086612224579,0.33304718136787415,0.1468173861503601,2.1482346057891846,0.00924668274819851,0.8497963547706604,0.7823907136917114,0.26807931065559387,1.0523576736450195,0.00039999998989515007,1.661582350730896,1.5656996965408325,0.3599511981010437,1.5754022598266602,1.0649986267089844,0.43641746044158936,0.662076473236084,0.32175377011299133,1.5656057596206665,0.6879593133926392,0.25107184052467346,0.4040886461734772,0.9015230536460876,0.5251004695892334,0.03170815855264664,1.409087061882019,1.7734453678131104,0.42760878801345825,0.7644652724266052,1.6134369373321533,0.24906595051288605,1.5358253717422485,0.3395027816295624,0.34875544905662537,0.40512198209762573,0.7701349854469299,1.1086657047271729,1.3596709966659546,0.3868975043296814,0.7783021330833435,0.21871864795684814,0.336393803358078,0.512023389339447,1.8091952800750732,0.22917450964450836,0.007156210020184517,0.7275203466415405,1.841091513633728,2.5625059604644775,0.7462037801742554,0.50284343957901,1.0494458675384521,0.49127599596977234
0.4069543480873108,0.25179705023765564,1.9840669631958008,0.48610883951187134,0.4126770496368408,0.517796516418457,1.0576523542404175,0.5777813196182251,0.7624397873878479,0.35638895630836487,0.9207573533058167,0.4714584946632385,1.1981148719787598,0.00039999998989515007,1.3473403453826904,0.9004798531532288,0.8501103520393372,0.005021203774958849,0.922061026096344,0.24845954775810242,1.0736230611801147,1.4662913084030151,0.7179772257804871,0.7519882917404175,0.9108219146728516,0.32388126850128174,0.10375615209341049,0.13281357288360596,1.670228123664856,0.5579981207847595,2.4693520069122314,0.21791236102581024,1.8240877389907837,1.3218863010406494,0.5839090347290039,0.4482963979244232,1.037285566329956,0.0011072080815210938,1.3491370677947998,0.9605570435523987,0.18058986961841583,0.19584207236766815,1.2753618955612183,1.1666483879089355,1.042468547821045,0.03920449689030647,0.3816901445388794,0.9181711673736572,0.39943814277648926,0.2771274745464325,1.1170448064804077,0.3866935670375824,1.6919198036193848,1.3753926753997803,2.2550501823425293,0.8546512126922607,0.8685977458953857
0.7071961164474487,1.1279833316802979,0.6265822649002075,0.1504332423210144,0.10278712213039398,0.15175320208072662,0.4240187108516693,1.648686170578003,0.9554824829101562,0.7487298250198364,1.0238286256790161,0.21767979860305786,0.6481026411056519,0.00039999998989515007,2.112785577774048,0.9790383577346802,0.9281339049339294,0.7101544141769409,0.8141092658042908,0.06680342555046082,0.5195381045341492,0.7597216963768005,0.9656787514686584,0.5964894890785217,0.3598024845123291,0.19485431909561157,0.8061236143112183,0.6386209726333618,1.2013884782791138,1.6043815612792969,1.7432678937911987,0.23702311515808105,0.1480032354593277,1.7048070430755615,0.5411704182624817,1.4990928173065186,0.19423715770244598,0.3497912287712097,0.08087599277496338,0.7516418099403381,0.3749501705169678,1.2012571096420288,0.3464790880680084,0.23746415972709656,1.6996628046035767,0.043016545474529266,0.6605921387672424,2.1026129722595215,0.8395617008209229,0.20624205470085144,0.1698867380619049,2.097013473510742,2.3399291038513184,1.099478840827942,0.3099380135536194,1.3229929208755493,0.6034719944000244
0.21552321314811707,0.641632616519928,0.6778517365455627,1.4682400226593018,0.4989822506904602,0.4130787253379822,0.19846698641777039,1.0444039106369019,0.49858784675598145,0.4637332856655121,1.9022692441940308,0.7208268642425537,0.4292847514152527,0.00039999998989515007,2.627225399017334,0.7862440943717957,0.43081700801849365,0.8075786232948303,0.626535177230835,1.176572322845459,0.8469036221504211,1.026741862297058,1.212910532951355,0.6068692207336426,0.3313235640525818,0.8310651183128357,1.5775043964385986,0.3326849639415741,0.6374189257621765,1.788856863975525,1.1842314004898071,0.996212363243103,0.11524887382984161,1.136399745941162,0.9046119451522827,0.7733717560768127,0.02653645910322666,0.03515170142054558,0.3872670531272888,0.4055105745792389,1.162280559539795,0.5664334297180176,0.16731180250644684,1.1158499717712402,0.851597011089325,0.6992559432983398,0.006819865666329861,1.4659162759780884,0.7176668047904968,1.3344777822494507,0.2511458098888397,1.899755597114563,1.8433407545089722,0.39205536246299744,0.8146424889564514,1.8431123495101929,0.4246382713317871
0.4404326379299164,0.4328058958053589,0.399752676486969,0.29305151104927063,0.021930592134594917,0.45411252975463867,0.27646422386169434,1.5497264862060547,1.0916566848754883,0.9837387800216675,1.20441472530365,0.22141921520233154,0.8965549468994141,0.00039999998989515007,1.9412306547164917,0.5787149667739868,0.9695056676864624,0.6088917255401611,0.8356459140777588,0.36998435854911804,0.7440543174743652,1.032209873199463,1.7283204793930054,0.016975345090031624,0.9924280643463135,0.21307681500911713,0.5771859288215637,0.729605495929718,1.465900182723999,1.8914281129837036,1.5545727014541626,0.022237244993448257,0.2525006830692291,1.7165305614471436,0.6030078530311584,1.3217647075653076,0.3640410900115967,0.7397339940071106,0.40271851420402527,0.5572570562362671,0.33456477522850037,0.5574042797088623,0.16314035654067993,0.22637632489204407,1.7349867820739746,0.29454612731933594,0.43820637464523315,1.6768065690994263,0.6216421127319336,0.4446355700492859,0.3153715431690216,2.019551992416382,2.298307180404663,0.811693549156189,0.6632171273231506,1.5405948162078857,0.7224242687225342
0.6189320683479309,0.2985183894634247,0.9611941576004028,0.25364062190055847,0.6436963677406311,1.0285838842391968,0.39983704686164856,2.286269426345825,0.13638517260551453,1.155648946762085,0.9780279994010925,0.5357846617698669,0.7291065454483032,0.00039999998989515007,1.582782506942749,0.07479783147573471,0.37581363320350647,0.5184826254844666,1.2409911155700684,0.6462440490722656,0.017990615218877792,0.8831520676612854,1.3815038204193115,0.019038038328289986,1.2912203073501587,0.32142800092697144,0.2000352442264557,0.32950934767723083,1.5197651386260986,1.8443583250045776,1.5047218799591064,0.5133718252182007,0.138109028339386,1.7958811521530151,0.32446491718292236,0.6500536203384399,0.2869662642478943,0.6975657343864441,0.5886803865432739,0.2552644610404968,0.893862783908844,0.788372278213501,0.05545793101191521,0.11393728107213974,0.9009855389595032,0.049106210470199585,0.5378506779670715,1.6341553926467896,0.6633508801460266,0.41196152567863464,0.8499682545661926,2.1994736194610596,2.2479443550109863,0.885425865650177,1.0281215906143188,1.8205875158309937,0.12566818296909332
0.8421275615692139,0.13844388723373413,0.6492524147033691,0.5408355593681335,0.5038445591926575,0.7543624639511108,0.055298708379268646,1.8743771314620972,0.22068502008914948,0.6413155794143677,1.355586290359497,0.04809855669736862,0.8733770847320557,0.00039999998989515007,1.9986870288848877,0.5582265853881836,0.1636986881494522,0.6599153876304626,0.45211854577064514,0.8547524213790894,0.17133814096450806,0.9440780878067017,1.2492141723632812,0.8029080033302307,0.6376990079879761,0.1591549515724182,1.2118979692459106,0.03173671290278435,1.0321015119552612,2.1343116760253906,1.688925862312317,0.7004601359367371,0.3169587552547455,1.4211863279342651,0.27704954147338867,0.858345627784729,0.05386434122920036,0.5113604664802551,0.6541323065757751,0.1944163590669632,1.0753154754638672,0.769607663154602,0.3260349929332733,0.16962432861328125,0.6125535368919373,0.2333853393793106,0.230133056640625,1.379267930984497,1.1346566677093506,0.7328869104385376,0.07716447860002518,2.188483715057373,2.4101011753082275,1.0231165885925293,1.1163924932479858,2.0318691730499268,0.2348891794681549
0.3447563052177429,0.7054086923599243,0.561596155166626,0.2616485059261322,0.23105786740779877,0.1890305131673813,0.020108014345169067,2.141389846801758,0.30107346177101135,1.0394845008850098,1.120296835899353,0.12029734253883362,0.6799166202545166,0.00039999998989515007,1.9205684661865234,1.1580301523208618,0.612149715423584,1.4148778915405273,0.8947311043739319,0.4460394084453583,0.7201731204986572,0.8438421487808228,1.0301282405853271,0.8290894031524658,0.23218058049678802,0.4157821536064148,1.303383469581604,0.7967382669448853,0.734768271446228,1.662602186203003,1.4445830583572388,0.056909721344709396,0.26101920008659363,1.629928708076477,0.5089019536972046,1.3818254470825195,0.05080070719122887,0.4484577178955078,0.22541765868663788,0.4209176301956177,0.908301830291748,1.4548025131225586,0.340374231338501,0.28393933176994324,1.025716781616211,0.09993517398834229,0.6041658520698547,1.8165775537490845,0.5862725973129272,0.6652498841285706,0.40473273396492004,2.21401309967041,2.052426815032959,1.1238670349121094,0.11081556230783463,1.712182879447937,0.2754705548286438
0.3713345527648926,0.4481706917285919,0.66242516040802,0.6496158838272095,0.41504502296447754,0.6078448295593262,0.3732534646987915,2.2480008602142334,0.3689865469932556,1.0872156620025635,1.0811688899993896,0.7127912044525146,0.5797706246376038,0.00039999998989515007,1.7597905397415161,0.8383035063743591,0.03268541023135185,1.5140794515609741,0.7257336378097534,0.7726891040802002,0.34820637106895447,1.1102622747421265,0.8199501037597656,1.0574722290039062,0.3131803274154663,0.4250749349594116,1.1670351028442383,0.03331831842660904,0.6843386292457581,1.8159465789794922,1.3385719060897827,0.9118275046348572,0.3431702256202698,1.747443437576294,0.22986763715744019,0.8887372016906738,0.3112642467021942,0.30342376232147217,0.37700989842414856,0.5154906511306763,1.5946669578552246,1.1346815824508667,0.020173978060483932,0.004137916024774313,0.08174172043800354,0.3433349132537842,0.9416009187698364,1.5449341535568237,0.9543993473052979,0.16500695049762726,0.07423776388168335,2.308647394180298,2.1707143783569336,0.4234221279621124,0.4502694308757782,1.838314175605774,0.2958376407623291
0.08285065740346909,0.19384285807609558,0.08838948607444763,0.2375405728816986,0.033776432275772095,0.8297727108001709,0.5885227918624878,1.7220340967178345,0.5906738638877869,1.6475377082824707,1.581599235534668,0.3160087466239929,0.4316500127315521,0.00039999998989515007,2.075343132019043,0.8430788516998291,0.514177143573761,1.4585399627685547,0.7067320346832275,0.9814001321792603,0.20182092487812042,1.4324908256530762,0.9229101538658142,0.5845903754234314,0.6063814759254456,0.5230103731155396,1.0437802076339722,1.225151777267456,1.1231179237365723,1.741090178489685,1.2938038110733032,0.7110501527786255,0.32825538516044617,0.5635771751403809,1.1764469146728516,1.0350556373596191,0.7108207941055298,0.9658031463623047,0.9509888291358948,1.0762240886688232,0.6444689035415649,0.7185412049293518,0.33433231711387634,0.023204835131764412,0.647345244884491,0.584980309009552,0.6509974598884583,1.83651602268219,0.08381971716880798,0.8311741352081299,0.7995468378067017,1.812824010848999,1.6053054332733154,0.8403369188308716,0.7377207279205322,1.7061916589736938,0.03774799779057503
0.952155351638794,0.06353527307510376,0.08044365048408508,0.6425451636314392,0.4513711929321289,1.0499647855758667,0.2598966360092163,1.221395492553711,0.5474939942359924,0.4938492774963379,0.36631885170936584,0.027843458577990532,0.20657339692115784,0.00039999998989515007,0.2325907200574875,0.9128944277763367,0.23619350790977478,0.23249602317810059,0.9598689675331116,0.052708979696035385,0.9569514989852905,0.7127119898796082,2.909595489501953,1.0282139778137207,0.10122477263212204,0.054382819682359695,0.20827235281467438,0.6304150819778442,0.5792813897132874,1.6195242404937744,0.7790952920913696,0.5076959729194641,0.6408605575561523,1.6001659631729126,0.37291157245635986,1.472029685974121,0.053224265575408936,0.5057132840156555,0.5259615778923035,0.46262040734291077,0.6878636479377747,1.7399296760559082,0.9114121198654175,1.43527090549469,0.5262073278427124,1.241730809211731,1.6310673952102661,1.7347549200057983,0.3040967881679535,0.5910319685935974,0.4930500388145447,1.8911960124969482,2.6315369606018066,0.9041666984558105,0.7192131876945496,0.5608373284339905,0.3922100067138672
0.3175728917121887,0.8544458150863647,0.6704999208450317,0.3452718257904053,0.6644721031188965,0.2929515838623047,0.3355163633823395,1.6424269676208496,0.3757345974445343,0.6508244872093201,1.107566237449646,0.492889940738678,0.6111571788787842,0.00039999998989515007,1.107779860496521,1.4818813800811768,0.6990095973014832,0.9561117887496948,0.15150798857212067,0.5700411796569824,0.8539034128189087,1.045506238937378,0.8756122589111328,0.6203874349594116,0.0928257629275322,0.1021323874592781,1.771264672279358,0.10228748619556427,0.7160353660583496,1.432638168334961,1.0433827638626099,0.24779900908470154,0.04602973163127899,2.1095833778381348,0.5642319321632385,1.784861445426941,0.1962088644504547,0.08874640613794327,0.9856587648391724,0.2768167555332184,0.24710363149642944,1.9337434768676758,0.769591212272644,0.9683683514595032,1.1952983140945435,0.38962265849113464,0.6563161611557007,1.9868031740188599,0.9031352400779724,0.642549455165863,0.34212854504585266,1.625620722770691,1.95159113407135,0.9039513468742371,1.0031272172927856,1.6559484004974365,0.4029742479324341
0.38239386677742004,0.632656991481781,0.5248687863349915,0.5779438614845276,0.08731269091367722,0.7577059864997864,0.3064333498477936,2.0419039726257324,0.01594100333750248,1.1147353649139404,1.2212212085723877,0.8862854242324829,0.4597442150115967,0.00039999998989515007,1.643836259841919,0.6919101476669312,0.3653307855129242,1.3740980625152588,0.8805980682373047,0.5024406909942627,0.34842514991760254,1.0399178266525269,1.1619411706924438,0.9719181060791016,0.4610224962234497,0.3930245041847229,0.5904532670974731,0.28576046228408813,1.144007921218872,2.310215711593628,1.5130534172058105,0.6579675674438477,0.18339672684669495,1.439618468284607,0.4612269997596741,0.9935265183448792,0.03370518982410431,0.17841674387454987,0.58709716796875,0.5709354281425476,1.0763155221939087,0.5266703963279724,0.3946292996406555,0.04947962984442711,0.15192697942256927,0.49148640036582947,1.2068322896957397,1.7424869537353516,0.979852020740509,0.1773272603750229,0.14862419664859772,2.0656654834747314,2.4046573638916016,0.5146160125732422,0.8326348662376404,1.6745576858520508,0.009277150966227055
0.4759005606174469,0.06884066760540009,0.48829272389411926,0.13059645891189575,0.6538822650909424,0.39403820037841797,0.21007801592350006,2.8301122188568115,0.024831140413880348,0.9148862361907959,0.45881444215774536,0.3582189381122589,0.6423779129981995,0.00039999998989515007,1.6960681676864624,0.8080574870109558,0.0073761241510510445,1.6751341819763184,0.7691165208816528,0.15185284614562988,0.07409501820802689,0.5392491817474365,0.9050973057746887,1.22187340259552,0.44286754727363586,0.15741220116615295,1.3159120082855225,0.16919764876365662,0.19306840002536774,1.6197279691696167,1.4250160455703735,0.427884578704834,0.8917010426521301,1.4270092248916626,0.14662723243236542,1.0534734725952148,0.6759017705917358,0.6780943870544434,0.31414511799812317,0.6474646925926208,1.573434591293335,1.6760365962982178,0.13379094004631042,0.9678511023521423,0.4795195162296295,0.08896947652101517,0.4472764730453491,1.6902893781661987,0.4461197853088379,0.5227240920066833,0.31860196590423584,2.3456666469573975,2.031775712966919,0.8835232257843018,0.22969548404216766,1.4265735149383545,0.1393553763628006
0.2775106430053711,0.047707997262477875,1.3503156900405884,0.5560654401779175,0.49725213646888733,1.103060245513916,1.0504399538040161,2.3260700702667236,1.0079917907714844,1.0143580436706543,0.35289815068244934,0.506886899471283,0.16389063000679016,0.00039999998989515007,1.4759591817855835,0.5714597702026367,0.593443751335144,1.917473316192627,1.4520190954208374,0.3530536890029907,0.19491833448410034,0.04761073365807533,0.23230727016925812,0.535983681678772,0.07719851285219193,0.374102920293808,0.5997259616851807,0.3667128384113312,0.2088693082332611,1.2620015144348145,1.3099416494369507,1.622177243232727,0.5938951373100281,1.286817193031311,0.13965970277786255,0.06188369169831276,0.9724829792976379,0.5331251621246338,0.395175576210022,0.20968247950077057,1.9758212566375732,1.5111387968063354,0.41221821308135986,0.4513545334339142,0.6934833526611328,0.1969439536333084,1.158909559249878,1.5040730237960815,0.2449672371149063,0.17042839527130127,0.5213450193405151,2.05983304977417,1.879488468170166,0.001549720298498869,1.17842435836792,1.3650296926498413,1.0247032642364502
0.0027490209322422743,0.9211339950561523,0.4622732996940613,0.10723680257797241,0.37027961015701294,0.8908650875091553,0.35824984312057495,1.9721003770828247,0.17664995789527893,1.8170238733291626,1.7550379037857056,0.23150362074375153,0.5397291779518127,0.00039999998989515007,1.5294548273086548,0.42612022161483765,0.0022657900117337704,2.0574469566345215,0.3665560483932495,1.0950965881347656,0.6821874380111694,0.9569514989852905,1.12488853931427,0.6158419251441956,0.26126691699028015,0.17363455891609192,0.7832062244415283,0.6765144467353821,0.6850612759590149,1.2982081174850464,1.5718578100204468,1.5975092649459839,0.9284771084785461,0.8457001447677612,0.49706485867500305,0.46311795711517334,0.013469181954860687,0.6482012271881104,0.7445321679115295,0.49506455659866333,0.9475552439689636,0.9045590162277222,0.9556683301925659,0.010593781247735023,0.2796419858932495,0.8224809765815735,0.9541541934013367,1.5621944665908813,0.09629413485527039,0.6028469204902649,0.6018571853637695,2.182511329650879,1.8707935810089111,0.8739721775054932,0.9532740116119385,1.318341851234436,0.018621031194925308
0.3205524682998657,0.27458783984184265,1.097704291343689,0.2659126818180084,0.6469559669494629,0.43414297699928284,0.8648688197135925,2.030639410018921,0.9779618978500366,0.44990989565849304,1.2162648439407349,0.9920002222061157,0.32137611508369446,0.00039999998989515007,0.4422008693218231,0.9346687197685242,0.4743669331073761,1.4717870950698853,0.6879252791404724,0.8613468408584595,0.5687157511711121,0.6256369948387146,1.3758490085601807,0.6280987858772278,0.025968987494707108,0.46311044692993164,0.1467871516942978,0.618989884853363,0.8483467698097229,1.7681875228881836,1.2959243059158325,1.457960844039917,0.1514195203781128,1.7847263813018799,0.19268624484539032,0.9915221333503723,0.4901188611984253,0.25677841901779175,0.5048040747642517,0.08593399077653885,1.1808137893676758,1.1591428518295288,0.5218541622161865,0.2348686307668686,0.010188900865614414,0.2569703161716461,1.624454379081726,1.457789421081543,1.0344325304031372,0.2835889458656311,0.6153902411460876,1.9184424877166748,2.6391825675964355,0.33130940794944763,0.7143977880477905,1.4699496030807495,0.3754516541957855
0.38833847641944885,0.11599452793598175,0.8725792765617371,0.6320973038673401,0.13986808061599731,0.4819803833961487,0.47064027190208435,2.0810630321502686,0.5884292125701904,0.7315590977668762,1.4402273893356323,0.9501067399978638,0.43830978870391846,0.00039999998989515007,1.8106800317764282,0.68836510181427,0.4118984639644623,2.098722457885742,0.40063315629959106,0.7914817333221436,0.12477440387010574,0.3985125422477722,0.4777767062187195,0.5105165839195251,0.1488710343837738,0.12010287493467331,1.027524709701538,0.11726845055818558,0.8990300893783569,1.5467064380645752,1.4808098077774048,1.478182077407837,0.25302132964134216,1.5137282609939575,0.2124120444059372,0.335165798664093,0.5955091118812561,0.23763315379619598,0.21501563489437103,0.028099874034523964,1.2089117765426636,1.164551019668579,0.012319502420723438,0.5240333676338196,0.22603780031204224,0.3292509615421295,1.0309573411941528,1.3330938816070557,0.5755389332771301,0.34917977452278137,0.008296109735965729,2.3717973232269287,2.3196115493774414,0.48411568999290466,1.2855091094970703,1.8377302885055542,0.11930859088897705
0.24015817046165466,0.057954151183366776,0.7937474250793457,0.17154981195926666,0.7484378814697266,0.11375321447849274,0.2584837079048157,3.126559257507324,0.6036189198493958,0.5828064680099487,0.48494765162467957,0.5132595896720886,0.55832439661026,0.00039999998989515007,1.0956099033355713,0.7072839140892029,0.27192583680152893,1.9676589965820312,0.37378090620040894,0.057544365525245667,0.3576582670211792,0.11120094358921051,0.7246389389038086,1.5511723756790161,0.19094784557819366,0.28506702184677124,1.578134536743164,0.18583035469055176,0.5020713806152344,0.9984812140464783,1.1513495445251465,0.24938975274562836,1.2929610013961792,1.6654374599456787,0.6048856377601624,0.6140463948249817,0.9520259499549866,0.13964642584323883,0.2319236546754837,0.10978476703166962,1.6373950242996216,2.3084816932678223,0.3658487796783447,0.878890872001648,0.040288157761096954,0.26487287878990173,0.017696630209684372,1.2680141925811768,0.06929333508014679,1.1244548559188843,0.47815272212028503,2.2497174739837646,1.3554929494857788,1.3275378942489624,0.4983009696006775,1.0839329957962036,0.05989810824394226
0.18132814764976501,0.005576354451477528,0.7163029909133911,0.15426188707351685,0.9846468567848206,0.5255496501922607,0.3512435853481293,3.1074776649475098,0.6118220686912537,0.2745807468891144,0.5778581500053406,0.6063334941864014,0.6344332695007324,0.00039999998989515007,1.0931639671325684,1.136472463607788,0.06245112791657448,1.7562267780303955,0.4550776481628418,0.3369526267051697,0.14295722544193268,0.08554328978061676,0.38019663095474243,1.223677635192871,0.3303399384021759,0.39842653274536133,1.6773165464401245,0.29196596145629883,0.708958089351654,0.9107745289802551,0.7809842824935913,0.36489787697792053,1.2652482986450195,1.3594293594360352,0.4416523873806,0.7240104675292969,0.6579379439353943,0.2609275281429291,0.7302721738815308,0.1182105615735054,1.3574780225753784,2.40165376663208,0.9300087690353394,1.3642748594284058,0.15957506000995636,0.4813273251056671,0.13755673170089722,1.2340167760849,0.2714904248714447,1.1868228912353516,0.9918741583824158,1.9445137977600098,0.7942111492156982,1.3847160339355469,1.202532410621643,1.188995599746704,0.4159175455570221
0.08902020007371902,0.5314165949821472,0.8390571475028992,0.47635388374328613,0.07162829488515854,0.5695696473121643,0.8024582862854004,2.7231409549713135,0.1519937515258789,0.8492799997329712,0.524413526058197,0.6023766994476318,0.17202290892601013,0.00039999998989515007,1.2649465799331665,0.6858837604522705,0.24649257957935333,2.281593084335327,1.0710539817810059,0.10900629311800003,0.3185044527053833,0.20432783663272858,0.9016939997673035,1.115169644355774,0.23458680510520935,0.3006783723831177,0.9662215113639832,0.2714619040489197,0.39174020290374756,1.4784713983535767,0.9657285809516907,0.9009720683097839,0.5501912832260132,1.5591152906417847,0.12822508811950684,0.5903576612472534,0.3989943563938141,0.2500912547111511,0.09200162440538406,0.44105997681617737,1.733945369720459,2.0069847106933594,0.27120330929756165,0.3834960162639618,0.10486176609992981,0.25245401263237,1.2754877805709839,1.5644862651824951,0.1422785371541977,0.16126605868339539,0.13777746260166168,2.498070001602173,1.9452005624771118,0.41875508427619934,0.21882139146327972,1.574243187904358,0.43006423115730286
0.5480853915214539,0.06565884500741959,0.5178583264350891,0.1705542802810669,0.5890496373176575,0.4263218939304352,1.0422048568725586,3.3091094493865967,0.985428512096405,0.97994065284729,0.3348340094089508,0.2167322188615799,0.5950952768325806,0.00039999998989515007,1.2795500755310059,0.5116878151893616,0.41833192110061646,2.517359972000122,0.8520016074180603,0.32187047600746155,0.37528595328330994,0.08815857023000717,0.3719756603240967,0.905612051486969,0.1200593113899231,0.2117021381855011,0.7231429815292358,0.11529003828763962,0.1625819355249405,1.1991040706634521,1.358903169631958,0.6225963830947876,0.6698306202888489,1.7818807363510132,0.4833254814147949,0.23900683224201202,1.119625210762024,0.18021075427532196,0.4249507486820221,0.3498355746269226,1.8278416395187378,1.4992502927780151,0.03996941074728966,0.04458736628293991,0.4609307050704956,0.029533106833696365,0.6440500617027283,1.0275801420211792,0.3983297049999237,0.11292833089828491,0.03841229900717735,2.4656410217285156,1.7025420665740967,0.6994476914405823,0.6518058180809021,1.4097648859024048,0.2658669650554657
0.2404956966638565,0.4103180170059204,0.36314862966537476,0.157557412981987,0.5473534464836121,0.09163756668567657,0.9771091938018799,3.1974968910217285,0.30369773507118225,0.7620323300361633,0.2440045028924942,0.10308603197336197,0.20893387496471405,0.00039999998989515007,0.6382149457931519,0.8027700781822205,0.12965340912342072,2.326936721801758,1.187880277633667,0.08779414743185043,0.6988873481750488,0.031519804149866104,1.1644207239151,0.8221132159233093,0.3360012471675873,0.040310945361852646,0.4695580005645752,0.6529967784881592,0.2729314863681793,1.1362478733062744,0.7944679856300354,0.06225792318582535,0.3596743047237396,2.0082778930664062,0.6138677000999451,1.0409027338027954,0.5378938913345337,0.2495276778936386,0.3707221448421478,0.2515394985675812,1.3561993837356567,2.1565568447113037,0.024655761197209358,0.8177903294563293,0.5389335751533508,0.13059306144714355,1.0338201522827148,1.2032794952392578,0.0055634863674640656,0.0167209655046463,0.1788690984249115,2.5887084007263184,1.836173415184021,1.0440211296081543,0.28347501158714294,1.3380414247512817,0.3143957257270813
0.260591596364975,0.017150849103927612,0.49204951524734497,0.18378160893917084,0.5963010787963867,0.09699751436710358,0.9210001826286316,3.6059112548828125,0.5370004773139954,0.9240546226501465,0.1851893663406372,0.006395077332854271,0.5831165909767151,0.00039999998989515007,0.8695549368858337,0.7251301407814026,0.27803823351860046,2.7550127506256104,1.0701881647109985,0.020737340673804283,0.09319143742322922,0.3154413402080536,0.8039884567260742,0.8827885985374451,0.146678626537323,0.026269661262631416,0.26400768756866455,0.3242157995700836,0.136357381939888,1.1596436500549316,1.3719934225082397,0.3182215988636017,0.7080897092819214,1.9082895517349243,0.5225610136985779,0.7197300791740417,1.095682978630066,0.12154895812273026,0.02501935139298439,0.14211204648017883,1.5333664417266846,1.7176265716552734,0.18977271020412445,0.4476514160633087,0.09383655339479446,0.05475665256381035,0.7674288749694824,1.3562873601913452,0.03960445150732994,0.028757411986589432,0.0620022788643837,2.3088767528533936,1.799385905265808,0.8830257654190063,0.2599692642688751,0.8714893460273743,0.011304238811135292
0.18828897178173065,0.7838757038116455,0.22188402712345123,0.5126158595085144,0.05850912630558014,0.3691265881061554,0.5515236258506775,3.1030919551849365,0.6361295580863953,0.4879869222640991,0.615789532661438,0.6381756067276001,0.47623589634895325,0.00039999998989515007,1.204532504081726,0.6805955767631531,0.39074820280075073,2.1529579162597656,0.6213487982749939,0.025719640776515007,0.8288995623588562,0.42425742745399475,1.5530813932418823,0.7414408326148987,0.2423378974199295,0.10611598193645477,0.5580551028251648,0.14667575061321259,0.572389543056488,1.6289618015289307,1.0625439882278442,0.06637448817491531,0.030203599482774734,2.262972116470337,0.13197515904903412,1.2461141347885132,0.6048973798751831,0.23143401741981506,0.4170566499233246,0.25261926651000977,1.121573805809021,1.1440784931182861,0.01610555686056614,0.5167972445487976,0.9448277950286865,0.3438217341899872,0.6058656573295593,1.4562861919403076,0.509723424911499,0.19028769433498383,0.21178646385669708,2.294464349746704,2.1928255558013916,0.3750375509262085,0.3812659680843353,1.1469169855117798,0.6353775262832642
0.112238310277462,0.1476099193096161,0.168792262673378,0.05920781195163727,0.35640230774879456,0.023304186761379242,0.8061406016349792,4.049369812011719,0.18748508393764496,1.0644810199737549,0.06869897246360779,0.24021846055984497,0.3958081901073456,0.00039999998989515007,1.038520336151123,0.6106818914413452,0.13528938591480255,3.0074381828308105,1.0088855028152466,0.04329929128289223,0.10206402838230133,0.11138783395290375,0.6793982982635498,0.945591390132904,0.05764458328485489,0.33748093247413635,0.5604224801063538,0.7235412001609802,0.021745853126049042,0.9452461004257202,0.9828299880027771,0.014021496288478374,0.7200632095336914,1.691846251487732,0.45172756910324097,0.5938077569007874,0.8550539016723633,0.1875130832195282,0.1900080293416977,0.19793514907360077,1.6466915607452393,1.804374098777771,0.09679757803678513,0.5568454265594482,0.059495486319065094,0.06458625942468643,0.4037679135799408,1.29855215549469,0.28655287623405457,0.2023693174123764,0.36045822501182556,2.3325157165527344,1.3017528057098389,0.7808756232261658,0.14909541606903076,0.9842692017555237,0.055918507277965546
1.2142976522445679,0.023244449868798256,0.17165620625019073,0.5841931104660034,0.00938822515308857,0.2660895586013794,0.6361791491508484,3.6146645545959473,0.27376416325569153,0.5866216421127319,0.7022801041603088,0.19565458595752716,0.15966925024986267,0.00039999998989515007,0.8518050312995911,0.3290401101112366,0.30514371395111084,2.779169797897339,1.06465744972229,0.6099181175231934,0.11895149201154709,0.29936760663986206,1.127846360206604,1.1609567403793335,0.2563977837562561,0.7298983931541443,0.5707342028617859,0.6959972381591797,0.5833743810653687,0.8871622085571289,0.4735510051250458,0.649790346622467,1.4131863117218018,1.1180895566940308,0.2633020579814911,0.37319809198379517,1.2031261920928955,0.5143448710441589,0.4627777338027954,0.38951605558395386,1.9958956241607666,1.649084448814392,0.4774288535118103,0.02219807542860508,0.061179161071777344,0.5716423988342285,0.1730397492647171,1.4849756956100464,0.9510796070098877,1.3937591314315796,0.4857792854309082,1.8669747114181519,0.41914939880371094,0.6998624205589294,0.5429208278656006,0.450685054063797,0.29900428652763367
0.10609477758407593,0.05373093858361244,0.03436408191919327,0.15301522612571716,0.5167200565338135,0.06703072041273117,0.8016307950019836,4.295151710510254,0.14134036004543304,0.9903744459152222,0.15504413843154907,0.6560344099998474,0.2987595796585083,0.00039999998989515007,0.7408616542816162,0.5397173762321472,0.10426507145166397,2.910810708999634,1.015938639640808,0.037911489605903625,0.02962547540664673,0.04034221172332764,0.7416279315948486,0.8159687519073486,0.08344920724630356,0.2964019775390625,0.5578981041908264,0.8899853825569153,0.1474316269159317,0.8153812289237976,0.6979923248291016,0.3293542265892029,0.7346941828727722,1.5741393566131592,0.5107349753379822,0.6129420399665833,0.6873366832733154,0.34088751673698425,0.20984163880348206,0.11976486444473267,1.574727177619934,1.9269676208496094,0.03523855656385422,0.8938098549842834,0.16145220398902893,0.08909261226654053,0.2404729127883911,1.052474021911621,0.3823436200618744,0.20205318927764893,0.3781243860721588,2.33237886428833,1.0976554155349731,0.9063779711723328,0.3668113946914673,1.0697250366210938,0.15926970541477203
0.3006711006164551,0.5967311263084412,0.555130124092102,0.36793017387390137,0.6145966053009033,0.4029506742954254,0.03458745777606964,3.275022506713867,0.5479286909103394,0.89707350730896,0.2891891896724701,0.08846751600503922,0.11522895842790604,0.00039999998989515007,1.6550283432006836,0.5189874768257141,0.24976497888565063,3.0266764163970947,0.12093901634216309,0.4687596559524536,0.3454842269420624,0.06715027987957001,0.027279118075966835,0.9525282382965088,0.23989653587341309,0.6143812537193298,1.7428797483444214,0.5510308742523193,0.21253833174705505,0.600838840007782,0.5324849486351013,0.010303465649485588,0.5892605781555176,1.3563839197158813,0.012270791456103325,0.10190542042255402,0.2781096398830414,0.16355915367603302,0.15032196044921875,0.7439392805099487,1.378405213356018,2.509370803833008,0.32724687457084656,0.4276829957962036,0.5995633602142334,0.558241069316864,0.27372118830680847,1.5903141498565674,0.30001696944236755,1.1029919385910034,0.5890059471130371,2.2592952251434326,0.9225724935531616,0.29143229126930237,0.7025977373123169,1.1306965351104736,0.44054076075553894
0.6182958483695984,0.2959725558757782,0.5569714903831482,1.1118501424789429,0.5191954970359802,0.36205294728279114,0.7389881014823914,3.116274356842041,0.11227676272392273,0.3852480947971344,0.32418546080589294,0.5512938499450684,0.3974798321723938,0.00039999998989515007,1.4010915756225586,0.24247761070728302,0.6283923387527466,3.147634267807007,0.04578254744410515,0.06109001860022545,0.15268300473690033,0.4250163435935974,0.17039136588573456,0.9227443933486938,0.45165038108825684,0.6475632786750793,1.8000156879425049,0.19814075529575348,0.05281307175755501,0.2447931468486786,0.1380300223827362,0.7675256729125977,0.5537798404693604,1.5389940738677979,0.35910436511039734,0.4063306152820587,0.6360125541687012,0.29146602749824524,0.31798693537712097,0.24291729927062988,1.887300729751587,2.591960906982422,0.29869624972343445,0.07076718658208847,0.05102717503905296,0.1330787092447281,0.10031034797430038,0.875959038734436,0.5577462315559387,1.2069711685180664,0.4433634281158447,2.242537260055542,0.6020437479019165,0.030992722138762474,0.5269716382026672,1.3242506980895996,0.3375903069972992
0.22113250195980072,0.06899067759513855,0.31899917125701904,0.19341854751110077,0.3016722798347473,0.20981907844543457,0.9545102715492249,4.1077728271484375,0.7254540920257568,0.7911837697029114,0.2887403070926666,0.41990163922309875,0.2244461625814438,0.00039999998989515007,0.8051554560661316,0.824183464050293,0.4863266348838806,3.54103684425354,0.5041938424110413,0.5717989206314087,0.04757476598024368,0.05960055813193321,0.4163491427898407,0.6254559755325317,0.38500717282295227,0.1379767209291458,0.49918797612190247,0.19265344738960266,0.00655785808339715,0.8463612198829651,0.761557400226593,0.6845701932907104,0.38497886061668396,1.6444898843765259,0.3761807680130005,0.4256461560726166,0.5982282161712646,0.059530604630708694,0.1638706624507904,0.11822815239429474,1.6732509136199951,1.5958993434906006,0.26984208822250366,0.26073870062828064,0.6215164661407471,0.21883106231689453,0.7303890585899353,1.0121309757232666,0.023651015013456345,0.2529161274433136,0.41868388652801514,2.181918144226074,1.556685447692871,0.11915593594312668,0.14996016025543213,1.2254661321640015,0.22194865345954895
0.31871724128723145,0.2937517762184143,0.12723301351070404,0.5422310829162598,0.40647658705711365,0.19144175946712494,0.18473616242408752,4.7653350830078125,0.0012558783637359738,1.0446012020111084,0.38172608613967896,0.8801947832107544,0.47556445002555847,0.00039999998989515007,1.0238969326019287,0.6572069525718689,0.02854374796152115,3.443420648574829,0.9463895559310913,0.10613991320133209,0.41352543234825134,0.20037029683589935,0.01575365848839283,0.4652855694293976,0.2759794592857361,0.17042076587677002,0.3912372887134552,0.44321537017822266,0.6739503145217896,0.20112767815589905,0.9715748429298401,0.09486251324415207,0.699033796787262,1.2947343587875366,0.1659662127494812,0.47683820128440857,1.1134226322174072,0.3851635754108429,0.16648758947849274,0.32384607195854187,1.4487378597259521,1.6722689867019653,0.009214399382472038,0.27635565400123596,0.003532426431775093,0.515343964099884,0.07200819253921509,1.3463022708892822,0.6523107290267944,0.2688720226287842,0.4599124491214752,1.762895941734314,0.8025933504104614,0.4573468267917633,0.3546644151210785,0.1788315325975418,0.25592130422592163
0.16928501427173615,0.04880441352725029,0.3334883749485016,0.04398636892437935,0.15496619045734406,0.031200919300317764,0.7502821087837219,4.732642650604248,0.526000440120697,0.6655519604682922,0.3364575207233429,0.2674098610877991,0.3778667449951172,0.00039999998989515007,0.8538084030151367,0.17823494970798492,0.3254285454750061,3.431183099746704,0.803905725479126,0.255115270614624,0.44656291604042053,0.41844719648361206,0.30743297934532166,0.7119057178497314,0.10897219926118851,0.30190983414649963,0.3738207519054413,0.18238915503025055,0.689588189125061,0.30551570653915405,0.8042490482330322,0.20215964317321777,0.6055141091346741,1.7352155447006226,0.7755689024925232,0.12137337774038315,1.0955464839935303,0.08483420312404633,0.29749587178230286,0.19792479276657104,1.8675731420516968,1.5460528135299683,0.05997465178370476,0.0878518596291542,0.5461528897285461,0.04089348018169403,0.017306789755821228,0.6217452883720398,0.2853426933288574,0.005549118388444185,0.01032234262675047,2.1531050205230713,1.0069458484649658,0.2385054975748062,0.047536496073007584,0.45214876532554626,0.2100665420293808
0.2465095967054367,0.5448622107505798,0.3477323651313782,0.11523789912462234,0.2363435924053192,0.22760199010372162,0.09564589709043503,4.864906311035156,0.5725527405738831,0.8845579624176025,0.5212916731834412,0.8529739379882812,0.14078418910503387,0.00039999998989515007,1.400377869606018,0.1954389065504074,0.49451571702957153,3.2060070037841797,0.8955075144767761,0.6975489854812622,0.43508514761924744,0.2346506267786026,0.04977673292160034,0.6254175305366516,0.5974673628807068,0.5206223726272583,0.515982449054718,0.8853201270103455,0.22782687842845917,0.46920448541641235,0.6462405323982239,0.9176427721977234,0.3941227197647095,1.0200518369674683,0.1196540892124176,0.3336714804172516,0.7299261093139648,0.46822723746299744,0.5707301497459412,0.63262540102005,1.2179312705993652,1.460972785949707,0.015405387617647648,0.39870890974998474,0.5739918947219849,0.364747554063797,0.21542179584503174,1.2374852895736694,0.2406151443719864,0.13653875887393951,0.5521790981292725,1.9327648878097534,0.713347852230072,0.4323072135448456,0.3865070939064026,0.4168822765350342,0.04185398295521736
0.02409004420042038,0.37140214443206787,0.32172855734825134,0.288486510515213,0.022454198449850082,0.21832941472530365,0.06541366130113602,4.644248962402344,0.5615233778953552,0.9878541827201843,0.3061743378639221,0.9057918787002563,0.2542878985404968,0.00039999998989515007,1.3100072145462036,0.08010506629943848,0.2024509459733963,2.914583683013916,1.1242326498031616,0.9066609144210815,0.5775814056396484,0.3228071331977844,0.005696467589586973,0.6915009617805481,0.42789366841316223,0.5507746934890747,0.28427445888519287,0.8535165190696716,0.23459111154079437,0.3468106985092163,0.6876140832901001,0.9878067970275879,0.5084413886070251,1.2638299465179443,0.17292368412017822,0.22896352410316467,0.9057508707046509,0.19590774178504944,0.5188187956809998,0.6355999708175659,0.9988336563110352,1.9071251153945923,0.15346108376979828,0.3017740547657013,0.41759636998176575,0.14029644429683685,0.5322776436805725,1.1605631113052368,0.2801113724708557,0.18386487662792206,0.36647021770477295,2.148027181625366,0.873222827911377,0.9107638001441956,0.33537402749061584,0.0624798908829689,0.2477792650461197
0.01345562282949686,0.03320717066526413,0.18406586349010468,0.04327321797609329,0.3806702196598053,0.11063466221094131,0.0957532748579979,4.593638896942139,0.044247619807720184,1.1201432943344116,0.51417475938797,0.5434383153915405,0.17850084602832794,0.00039999998989515007,1.3100996017456055,0.10517556965351105,0.08149336278438568,3.7277615070343018,0.5752798318862915,0.8572407960891724,0.6147997975349426,0.09111908823251724,0.4327225685119629,0.6469894647598267,0.03212472423911095,0.3507782220840454,0.9223734140396118,0.5370228886604309,0.1459912657737732,0.10924290120601654,0.4440510869026184,0.06750515103340149,0.06581098586320877,1.223489761352539,0.3860591650009155,0.49271833896636963,0.11837416142225266,0.5205172300338745,0.579338014125824,0.2955645024776459,1.457320213317871,2.0633959770202637,0.10245443880558014,0.05855635553598404,0.10672920942306519,0.3777705729007721,0.3210331201553345,0.762938380241394,0.5956399440765381,0.15879511833190918,0.15386755764484406,2.194835901260376,0.6649360656738281,0.02688334882259369,0.2574254274368286,0.7088871598243713,0.5095537900924683
0.3752993643283844,0.1855328530073166,0.3212638795375824,0.24597203731536865,0.5836300849914551,0.09915854036808014,0.46441155672073364,4.87342643737793,0.030050763860344887,0.952840268611908,0.715574324131012,0.9169982075691223,0.3759027421474457,0.00039999998989515007,0.9408385157585144,0.45906493067741394,0.16174009442329407,3.1786298751831055,0.8609704375267029,0.611670732498169,0.38459300994873047,0.2683728337287903,0.2978653907775879,0.1809689700603485,0.04987117275595665,0.10582184046506882,0.33380788564682007,0.6118386387825012,0.13033346831798553,0.2412031888961792,0.6030924320220947,1.0963927507400513,0.0036942008882761,1.3354066610336304,0.2006962150335312,0.42393288016319275,0.6112273335456848,0.5949600338935852,0.6047910451889038,0.2175683081150055,0.7666734457015991,1.932224154472351,0.15903903543949127,0.764808177947998,0.09167376160621643,0.46270132064819336,0.15477651357650757,0.8628771305084229,0.11389735341072083,0.7391453385353088,0.4207490086555481,2.010504722595215,1.1085412502288818,0.6819905042648315,0.13954567909240723,0.673352837562561,0.6137962937355042
0.07208071649074554,0.6592312455177307,0.14322316646575928,0.7926461696624756,0.36742517352104187,0.09808193147182465,0.447517454624176,5.023019313812256,0.4401772618293762,1.1550238132476807,0.5309710502624512,0.8808565139770508,0.2621834874153137,0.00039999998989515007,0.4812770187854767,0.059701647609472275,0.1170438826084137,3.8990960121154785,0.8749797344207764,0.18656346201896667,0.8159876465797424,0.4089106023311615,0.357185035943985,0.14082534611225128,0.08319665491580963,0.051681920886039734,0.11288396269083023,0.5320376753807068,0.523202657699585,0.21510469913482666,0.7108684182167053,0.05545543134212494,0.46581611037254333,1.1749099493026733,0.40993964672088623,0.23237743973731995,0.9474523067474365,0.3829881250858307,0.42147427797317505,0.27264007925987244,1.3456989526748657,1.4426220655441284,0.14315974712371826,0.21448424458503723,0.4668829143047333,0.3488216996192932,0.1321420669555664,0.6790759563446045,0.7102030515670776,0.035051390528678894,0.10782964527606964,1.7660919427871704,0.40646520256996155,0.3896043002605438,0.014648502692580223,0.1249571442604065,0.5033297538757324
0.06043398007750511,0.20832940936088562,0.07911823689937592,0.7193708419799805,0.4417950510978699,0.15207931399345398,0.6730220913887024,4.619892597198486,0.37785765528678894,0.7082840800285339,0.06285756826400757,0.16915322840213776,0.6425126791000366,0.00039999998989515007,0.14302165806293488,0.3908853232860565,0.06252934783697128,3.423076629638672,0.6985917687416077,0.05629856139421463,0.06083532050251961,0.08287202566862106,0.9704076051712036,0.042835164815187454,0.0900195837020874,0.35850292444229126,1.0508946180343628,0.037506382912397385,0.03820100799202919,0.9301899075508118,1.1309453248977661,0.12144460529088974,0.008324108086526394,2.016157627105713,0.510438859462738,0.6289017200469971,0.6371745467185974,0.24391528964042664,0.00712943822145462,0.32269859313964844,0.8607009649276733,0.37655994296073914,0.6528847217559814,0.17975781857967377,0.6067613959312439,0.2314770668745041,0.8475508093833923,0.7371476888656616,0.04960925132036209,1.3533626794815063,0.5449232459068298,1.634057879447937,1.8243504762649536,0.1082608699798584,0.195460706949234,0.0763740986585617,0.023816131055355072
0.752484917640686,0.34769973158836365,0.1467735469341278,0.1962597519159317,0.02638789266347885,0.4163961708545685,0.8578358888626099,4.784343719482422,0.4051820933818817,0.28208330273628235,0.07739431411027908,0.2762991189956665,0.16006064414978027,0.00039999998989515007,0.42933377623558044,0.08280977606773376,0.6384649872779846,3.9920191764831543,0.6571645140647888,0.3282702565193176,0.24207964539527893,0.5986229777336121,0.07965520024299622,0.4451037347316742,0.37525343894958496,0.31522372364997864,0.24690037965774536,0.358528196811676,0.8530639410018921,0.3024660348892212,0.054928287863731384,0.361556738615036,0.5008774399757385,1.3187909126281738,0.6183875799179077,0.3331884443759918,1.0876847505569458,0.3683803677558899,0.2839626967906952,0.45590561628341675,1.792854905128479,1.7103219032287598,0.06577345728874207,0.659717857837677,0.44488149881362915,0.22381053864955902,0.36705338954925537,0.37487465143203735,0.8756465911865234,0.6115856766700745,0.21044392883777618,1.7632986307144165,0.07690086960792542,0.18027891218662262,0.37954598665237427,0.24373184144496918,0.2167869657278061
0.4145292639732361,0.5811452269554138,0.09987855702638626,1.0499796867370605,0.4439648687839508,0.03987855091691017,0.16156046092510223,4.29748010635376,0.8212045431137085,0.17643482983112335,1.3911300897598267,1.8159162998199463,0.5625433921813965,0.00039999998989515007,0.3361016511917114,0.38527196645736694,0.02174880914390087,2.0493433475494385,0.5548811554908752,0.9991722106933594,1.1823115348815918,0.7425573468208313,0.9973482489585876,0.40854376554489136,0.24486267566680908,0.12204715609550476,0.17357651889324188,0.07895051687955856,1.821763038635254,0.898059070110321,0.470140665769577,0.9310481548309326,0.7645280361175537,0.29856565594673157,0.8197746872901917,0.7880825400352478,1.1475892066955566,0.254834920167923,0.9000804424285889,0.7170505523681641,1.1361877918243408,0.7811353206634521,0.5703457593917847,0.23508617281913757,0.780914306640625,0.9864847660064697,1.174647569656372,0.39940422773361206,0.3039942681789398,0.2137523591518402,0.08939959853887558,0.8474053144454956,0.45839086174964905,0.5707138180732727,0.07736223191022873,0.6570349931716919,0.8084796667098999
0.14893075823783875,0.22965197265148163,0.0806102305650711,0.4886787533760071,0.26714372634887695,0.2625406086444855,0.4551219940185547,4.997964859008789,0.07549598813056946,1.0760048627853394,0.755244255065918,0.47900134325027466,0.0009749960736371577,0.00039999998989515007,0.6828455328941345,0.37494251132011414,0.09281590580940247,4.020660877227783,0.8130164742469788,0.980167806148529,0.7969315052032471,0.5117573142051697,0.3233034908771515,0.2007904052734375,0.08939134329557419,0.09701235592365265,0.19733498990535736,0.540106475353241,0.08580698072910309,0.13864226639270782,0.6816065311431885,0.23584386706352234,0.0816839262843132,1.2500231266021729,0.4392780363559723,0.5168276429176331,0.3255298137664795,0.39854696393013,0.7510753870010376,0.10323576629161835,1.1106833219528198,1.2536449432373047,0.19885878264904022,0.23038604855537415,0.40529677271842957,0.38622385263442993,0.5219576358795166,0.6114982962608337,0.5573317408561707,0.5400179028511047,0.3118758797645569,1.8782950639724731,0.7849751710891724,0.01052912324666977,0.27250343561172485,0.27817538380622864,0.2922793924808502
0.449850857257843,0.1405281126499176,0.34556862711906433,0.43404620885849,0.12844254076480865,0.13305732607841492,0.13408654928207397,4.48339319229126,0.4690876007080078,0.05448593571782112,1.2817167043685913,1.6811156272888184,0.3089164197444916,0.00039999998989515007,0.6052947640419006,0.6061234474182129,0.10513374954462051,2.0962119102478027,0.6608912944793701,1.3732935190200806,1.2276229858398438,1.0033138990402222,1.0197275876998901,0.5817227959632874,0.29057320952415466,0.3309958875179291,0.12955927848815918,0.31174179911613464,1.4119611978530884,0.6133341789245605,0.4779091477394104,1.2564637660980225,0.8278313875198364,0.21841683983802795,0.7411845326423645,0.8111905455589294,1.2139049768447876,0.12821665406227112,0.8852553367614746,0.4205099642276764,1.0120351314544678,1.064518690109253,0.38000157475471497,0.1489090472459793,0.4268830418586731,0.7375718355178833,1.3789598941802979,0.23439911007881165,0.1113995760679245,0.09500253200531006,0.11039843410253525,1.1084926128387451,0.25495463609695435,0.8582069277763367,0.010807773098349571,0.6698033809661865,0.5325688123703003
0.2136269062757492,0.24254846572875977,0.5489052534103394,0.411894828081131,0.14705398678779602,0.14461328089237213,0.7151308059692383,5.5609002113342285,0.35629937052726746,0.41388848423957825,0.36851489543914795,0.43338045477867126,0.019247228279709816,0.00039999998989515007,0.19789710640907288,0.20456095039844513,0.17564654350280762,3.823939561843872,0.4694356322288513,0.2636204659938812,0.3635256588459015,0.21659837663173676,0.7101212739944458,0.6119713187217712,0.09956267476081848,0.09711194783449173,0.45935070514678955,0.504106879234314,0.31739550828933716,0.6828479766845703,0.3795943558216095,0.3862629532814026,0.32756081223487854,1.2013874053955078,0.659528374671936,0.03522268682718277,0.2145860195159912,0.1513551026582718,0.5101009607315063,0.2718808054924011,1.2135385274887085,0.7506171464920044,0.45995813608169556,0.4721594750881195,0.7524036169052124,0.44846802949905396,0.13212555646896362,0.21134144067764282,0.25304681062698364,0.7769954204559326,0.012100322172045708,1.7695764303207397,0.9614982604980469,0.41082122921943665,0.01514351088553667,0.38377130031585693,0.12980230152606964
0.6986477971076965,0.08470124751329422,0.041143082082271576,0.5032559037208557,0.3840159773826599,0.4227693974971771,0.44485700130462646,4.458129405975342,0.7094464302062988,0.3340427875518799,1.3158661127090454,0.8754186630249023,0.01359571423381567,0.00039999998989515007,0.3698759973049164,1.2507656812667847,0.06591899693012238,2.577955722808838,0.6612447500228882,1.7279117107391357,1.4728684425354004,1.0609357357025146,0.6878159642219543,0.702227771282196,0.23070268332958221,0.13488294184207916,0.2696438133716583,0.23067043721675873,0.5143561959266663,0.08693814277648926,0.6583283543586731,0.8498275279998779,0.31221911311149597,0.3196650445461273,0.9394902586936951,1.3603458404541016,0.4128629267215729,0.11678356677293777,1.4590401649475098,0.6761424541473389,1.052765965461731,0.3810383677482605,0.07367819547653198,0.36659151315689087,1.0182138681411743,0.6830095648765564,0.19109366834163666,0.3226184844970703,0.046451471745967865,0.46264415979385376,0.5747910141944885,1.2798928022384644,0.23885834217071533,0.34551048278808594,0.7619907259941101,0.13123242557048798,0.3319736123085022
0.5357258915901184,0.2977030277252197,0.5755664110183716,1.3838438987731934,0.7970840334892273,0.7343491315841675,0.13590531051158905,4.5279541015625,0.005680842325091362,0.4370948076248169,0.6719293594360352,0.34044480323791504,0.6114063262939453,0.00039999998989515007,0.40306541323661804,0.47763484716415405,0.9224370121955872,3.0971689224243164,0.4876761734485626,0.261991024017334,0.09084891527891159,0.39637845754623413,0.4581315219402313,0.7514359354972839,0.5408962368965149,0.7816970944404602,0.6995195746421814,0.4143688976764679,0.7787459492683411,0.19405092298984528,0.836620569229126,0.6891347169876099,0.26326891779899597,1.8022829294204712,0.16708333790302277,0.6402411460876465,1.740103840827942,0.2584083378314972,0.5899854302406311,0.7760108709335327,0.743729829788208,0.5917040109634399,0.38243451714515686,0.3976275324821472,0.4204086363315582,0.07612216472625732,0.09781556576490402,0.6354135274887085,0.050333261489868164,1.0915626287460327,0.29209575057029724,1.2764983177185059,0.8382729291915894,0.1153695210814476,0.9343027472496033,0.465643048286438,0.15068258345127106
0.4781818985939026,0.512886643409729,0.2698266804218292,0.1495862901210785,0.7072033286094666,0.36555230617523193,0.11058532446622849,5.19002103805542,0.29743096232414246,0.6084178686141968,0.8268029093742371,0.603471577167511,0.019964680075645447,0.00039999998989515007,1.1159037351608276,0.05212080106139183,0.6815518140792847,4.030697822570801,0.5647777318954468,0.8127635717391968,0.8472602963447571,0.5527973175048828,0.728522002696991,0.11386678367853165,0.5422397255897522,0.2982759475708008,0.022031689062714577,0.3699270486831665,0.578981339931488,0.1795741766691208,0.4037058651447296,0.6961436867713928,0.14805299043655396,0.6977179646492004,0.1668407917022705,0.12337692826986313,0.7065584659576416,0.4082610607147217,0.7227213382720947,0.5616809129714966,0.9925763010978699,0.8788377642631531,0.3036637604236603,0.29285454750061035,0.0022901627235114574,0.8178020715713501,0.06697423756122589,0.9850127696990967,0.24812528491020203,0.4088299870491028,0.3470882177352905,1.2423981428146362,0.4536619186401367,0.46382805705070496,0.11624108254909515,0.32627516984939575,0.1593901515007019
0.028398601338267326,0.2452767938375473,0.01789255626499653,0.8775041699409485,0.18434849381446838,0.13570429384708405,0.4712197184562683,4.370860576629639,0.014655612409114838,0.8763282895088196,0.4352516829967499,0.12512782216072083,0.3121506869792938,0.00039999998989515007,0.03865877911448479,0.12290626764297485,0.3172893822193146,3.8914523124694824,0.5895994305610657,0.7216129899024963,0.41861286759376526,0.3768351972103119,0.406714528799057,0.26388654112815857,0.046375297009944916,0.40811049938201904,1.1463184356689453,0.06504251807928085,0.3096216022968292,0.48585355281829834,0.9445396065711975,0.03837256878614426,0.5223706960678101,1.897618293762207,0.4700941741466522,0.08086863160133362,0.3302956223487854,0.03526658937335014,0.2755950093269348,0.26649224758148193,0.5708473920822144,0.42402181029319763,0.7011798024177551,0.19164085388183594,0.47706180810928345,0.13353358209133148,1.0950533151626587,0.6352382898330688,0.2304236739873886,1.4814062118530273,0.770998477935791,1.5358284711837769,1.5562223196029663,0.3813823163509369,0.3094804286956787,0.17714570462703705,0.003588584018871188
0.4693875014781952,0.6307863593101501,0.5321731567382812,0.7815901637077332,0.1807662695646286,0.043123479932546616,0.2906189560890198,5.176184177398682,0.1761283278465271,0.937705397605896,0.8467575907707214,1.3793115615844727,0.0029804769437760115,0.00039999998989515007,0.4505574405193329,0.635941743850708,0.2727023661136627,3.5758938789367676,0.7470846176147461,0.6833240985870361,1.110353708267212,0.32472172379493713,0.420627236366272,0.2993020713329315,0.6012910604476929,0.2506350874900818,0.33180880546569824,0.6666309237480164,0.8837027549743652,0.3964317739009857,0.3638915717601776,0.47400856018066406,0.4736342430114746,0.3359864354133606,0.30990806221961975,0.5484130382537842,0.5188784599304199,0.3172115087509155,0.8965262770652771,0.21252833306789398,1.080003261566162,0.6372693181037903,0.39219966530799866,0.24049027264118195,0.5611152052879333,0.35137373208999634,0.4745837450027466,0.4785313308238983,0.9464055299758911,0.028904801234602928,0.20059026777744293,1.0498371124267578,0.23883916437625885,0.08360959589481354,0.18671534955501556,0.6201471090316772,0.47166717052459717
0.04001815244555473,0.704274594783783,0.40417245030403137,1.03180992603302,0.1268060952425003,0.21062423288822174,0.4393397569656372,5.005400657653809,0.3561133146286011,0.9515395164489746,0.8291306495666504,0.9299602508544922,0.12273580580949783,0.00039999998989515007,0.12403932213783264,0.4578761160373688,0.07384989410638809,3.900733470916748,0.8420976996421814,0.6095811724662781,0.9639822244644165,0.6072414517402649,0.39307498931884766,0.023181196302175522,0.10686971247196198,0.08345528692007065,0.7333763241767883,0.50906902551651,0.48531436920166016,0.23886461555957794,0.5539268851280212,0.35966506600379944,0.04998920485377312,1.0041948556900024,0.540532112121582,0.4877929985523224,0.6133012175559998,0.26244762539863586,0.7178555130958557,0.4028818607330322,0.9413445591926575,0.847710907459259,0.36291876435279846,0.35922083258628845,0.799956202507019,0.3792215883731842,0.12151592969894409,0.30661845207214355,0.7582311034202576,0.6174614429473877,0.21187788248062134,1.3537298440933228,0.32085296511650085,0.14347940683364868,0.20245641469955444,0.283330500125885,0.5694222450256348
0.02230948768556118,1.035880446434021,0.5301235914230347,1.2041352987289429,0.04795924201607704,1.0462422370910645,0.2662784159183502,3.938875675201416,0.15299813449382782,1.795761227607727,0.6300478577613831,1.142557144165039,0.20895306766033173,0.00039999998989515007,0.22663843631744385,0.6624786853790283,0.0995975211262703,3.5374202728271484,0.6503761410713196,0.5353765487670898,1.3096001148223877,0.17077307403087616,0.7340925335884094,0.07828638702630997,0.37849175930023193,0.07511633634567261,0.618883490562439,0.9820478558540344,0.13160662353038788,0.30653828382492065,0.3325614929199219,0.17282326519489288,0.05684575065970421,0.1670210361480713,0.10083097219467163,0.7296207547187805,0.44282853603363037,0.9882570505142212,1.2893567085266113,0.4294947385787964,0.6361234784126282,0.6515805721282959,0.7677834033966064,0.1478608399629593,0.9370279312133789,0.19313974678516388,0.7185262441635132,0.41361677646636963,0.9762846827507019,0.6746035218238831,0.09876661747694016,1.0774694681167603,0.012297060340642929,0.1814965456724167,0.3408237099647522,0.03023531101644039,1.017082691192627
0.014884124509990215,0.7717338800430298,0.4312402307987213,1.1963224411010742,0.2076418101787567,0.23537249863147736,0.43793630599975586,4.750467300415039,0.3653617799282074,1.0148026943206787,0.8431305289268494,0.9468881487846375,0.18818052113056183,0.00039999998989515007,0.05039968341588974,0.46405959129333496,0.17387598752975464,3.769711494445801,0.8597362637519836,0.6100250482559204,1.006528377532959,0.6056817770004272,0.37052908539772034,0.10640911012887955,0.14411669969558716,0.14271417260169983,0.8876490592956543,0.4874090850353241,0.47910723090171814,0.24064065515995026,0.6005240678787231,0.3955985903739929,0.01634615659713745,1.0393205881118774,0.5351007580757141,0.432725191116333,0.619442880153656,0.2829864025115967,0.7590455412864685,0.4188304543495178,0.80991530418396,0.7433358430862427,0.4439074695110321,0.34928107261657715,0.8667200207710266,0.42948418855667114,0.17736414074897766,0.3207739591598511,0.763671338558197,0.7875705361366272,0.24212892353534698,1.2689759731292725,0.38969874382019043,0.13103629648685455,0.24277687072753906,0.3720596134662628,0.6293497681617737
0.008089711889624596,0.46602851152420044,0.3346024453639984,1.3351171016693115,0.26313316822052,0.2705199420452118,0.48455098271369934,4.385334491729736,0.010110055096447468,0.7041365504264832,0.7054025530815125,0.4716888666152954,0.5768979787826538,0.00039999998989515007,0.16206149756908417,0.1294293999671936,0.6037020087242126,3.407761335372925,0.8054852485656738,0.7201437950134277,0.5460934638977051,0.6602744460105896,0.32265418767929077,0.2811373472213745,0.151970773935318,0.49625495076179504,1.349084734916687,0.09195900708436966,0.3322215974330902,0.20113007724285126,0.9672751426696777,0.6596736311912537,0.29703155159950256,1.7800660133361816,0.5219907760620117,0.24604532122612,0.8873165845870972,0.07881689816713333,0.2751448452472687,0.5429468750953674,0.38901329040527344,0.2965455949306488,0.5291083455085754,0.14917726814746857,0.4796018898487091,0.42197826504707336,0.37177953124046326,0.5459050536155701,0.3979248106479645,1.3896255493164062,0.5994505882263184,1.1958693265914917,1.1574441194534302,0.09441742300987244,0.10945417732000351,0.6835657358169556,0.128093421459198
0.3263767659664154,1.1329313516616821,0.4557527005672455,1.645937442779541,0.44183990359306335,1.0254607200622559,0.014473809860646725,3.481792449951172,0.7328775525093079,1.3169747591018677,0.8877032995223999,1.467669129371643,0.22255302965641022,0.00039999998989515007,0.20113252103328705,0.8848228454589844,0.1775965541601181,2.4076943397521973,0.907571017742157,0.6222395896911621,1.552897334098816,0.39621400833129883,0.7624964118003845,0.0799768790602684,0.4651644825935364,0.011968116275966167,1.2053043842315674,0.6676498651504517,0.46363210678100586,0.3001928925514221,0.6200223565101624,0.30156275629997253,0.2959166467189789,0.06253515928983688,0.46763524413108826,0.8101260662078857,0.24518977105617523,0.5863422155380249,1.3940510749816895,0.32649433612823486,0.480291485786438,0.13324835896492004,0.6183677911758423,0.38076964020729065,1.3486689329147339,0.5045583248138428,0.19900086522102356,0.021934418007731438,0.7188951373100281,0.7073763012886047,0.216892808675766,0.5755388736724854,0.18076997995376587,0.33211126923561096,0.6882777214050293,0.6321173906326294,1.011962890625
0.16537007689476013,0.5078437328338623,0.31396210193634033,1.3281322717666626,0.1647404283285141,0.24821837246418,0.40049323439598083,4.3146233558654785,0.007120972499251366,0.7625675797462463,0.7194135785102844,0.5604874491691589,0.49285295605659485,0.00039999998989515007,0.08958814293146133,0.29111215472221375,0.6379393935203552,3.4134137630462646,0.867140531539917,0.7236610054969788,0.6579678058624268,0.7053729295730591,0.22072036564350128,0.30661606788635254,0.275128036737442,0.3783104419708252,1.386782169342041,0.10903274267911911,0.3886171877384186,0.12076263874769211,0.9278773665428162,0.5751913785934448,0.2683439552783966,1.6315028667449951,0.5449349880218506,0.1046837568283081,0.8912217617034912,0.08516628295183182,0.3336673080921173,0.49368980526924133,0.42499852180480957,0.20658808946609497,0.6185367703437805,0.29401758313179016,0.554721474647522,0.477411150932312,0.31346777081489563,0.5972468852996826,0.5261059403419495,1.2687379121780396,0.6175501942634583,1.0900979042053223,1.0192151069641113,0.0076347836293280125,0.11664938181638718,0.8059374690055847,0.17477916181087494
0.003964283969253302,1.0948104858398438,0.6409161686897278,1.7306207418441772,0.33637914061546326,0.7224281430244446,0.14974312484264374,3.932703733444214,0.546477198600769,1.3501383066177368,0.5282961130142212,1.041720986366272,0.2241320013999939,0.00039999998989515007,0.47103267908096313,0.4767597019672394,0.18223996460437775,3.384847402572632,0.7126861214637756,0.26644742488861084,1.104782223701477,0.16512401401996613,0.12189403921365738,0.15367284417152405,0.2732478082180023,0.2387842833995819,1.4155447483062744,0.7426822781562805,0.21536904573440552,0.09061206877231598,0.5373480319976807,0.012381473556160927,0.024572132155299187,0.7046369314193726,0.5108093023300171,0.3041372299194336,0.15427863597869873,0.514431893825531,0.9101434350013733,0.20901937782764435,0.5634320974349976,0.0710940957069397,0.9255382418632507,0.15674588084220886,1.1036176681518555,0.0841839611530304,0.7126946449279785,0.19906234741210938,0.7254041433334351,1.0559430122375488,0.22036874294281006,0.9486314058303833,0.30603474378585815,0.12304387241601944,0.4136534631252289,0.4954984486103058,0.763386607170105
0.18092578649520874,0.768791913986206,0.35307183861732483,1.3302898406982422,0.1803431659936905,0.2918338477611542,0.2835668623447418,3.9948372840881348,0.6367309093475342,0.7933846712112427,1.0680413246154785,1.1472476720809937,0.27494680881500244,0.00039999998989515007,0.055335815995931625,0.7725045680999756,0.25280922651290894,2.86788010597229,0.8374792337417603,0.837546706199646,1.3664933443069458,0.8383400440216064,0.7576804161071777,0.03485596179962158,0.2701044976711273,0.03461156785488129,0.8819394707679749,0.3134339451789856,0.8776313662528992,0.5358054041862488,0.6205255389213562,0.5493634939193726,0.18493984639644623,0.4736159145832062,0.6556124687194824,0.8034053444862366,0.8417060971260071,0.22783198952674866,1.0414239168167114,0.5739586353302002,0.7634761333465576,0.2724994719028473,0.30450379848480225,0.6146588921546936,1.1323585510253906,0.696692705154419,0.17200182378292084,0.024578066542744637,0.5925331115722656,0.642306387424469,0.2866663634777069,0.8010849356651306,0.05787863954901695,0.21884691715240479,0.484430730342865,0.7439077496528625,0.719548225402832
0.26358890533447266,0.7859845757484436,0.42296385765075684,1.0211734771728516,0.07979393750429153,0.2769833207130432,0.2486877590417862,4.324793338775635,0.40524259209632874,1.0108752250671387,0.912774920463562,1.1646579504013062,0.09332811087369919,0.00039999998989515007,0.19709517061710358,0.6892974376678467,0.02282639965415001,3.541994333267212,0.8655341863632202,0.5873283743858337,1.109999418258667,0.6479113698005676,0.8856841325759888,0.30077677965164185,0.29184356331825256,0.12079337984323502,0.6877241730690002,0.4854530692100525,0.6391859650611877,0.7228280901908875,0.3483603596687317,0.3014353811740875,0.0944705605506897,0.5170227289199829,0.48637980222702026,0.7696298956871033,0.6843429803848267,0.345124751329422,0.7885311245918274,0.3086993098258972,0.827048659324646,0.9639410972595215,0.42926472425460815,0.5651428699493408,0.8380820155143738,0.5255429744720459,0.18167640268802643,0.2306249588727951,0.8476832509040833,0.44385647773742676,0.13711877167224884,1.0177726745605469,0.05914877727627754,0.028581125661730766,0.10629487782716751,0.47630181908607483,0.8451118469238281
0.2818095088005066,0.8518983721733093,0.7312119007110596,1.461403489112854,0.15648874640464783,0.3711698055267334,0.00512309093028307,4.179961204528809,0.11509672552347183,1.4763023853302002,0.474911630153656,1.0590192079544067,0.11472815275192261,0.00039999998989515007,0.04587122052907944,0.3573620021343231,0.5785769820213318,3.640387535095215,0.7846465706825256,0.2813585102558136,1.1919903755187988,0.13880442082881927,0.27572202682495117,0.06340714544057846,0.5338815450668335,0.023666726425290108,0.9444671869277954,0.8009781837463379,0.2642631232738495,0.12556535005569458,0.3618875741958618,0.2882125675678253,0.06951539218425751,0.4421910047531128,0.22820304334163666,0.19664637744426727,0.22161658108234406,0.5415439605712891,0.984618604183197,0.25375255942344666,0.5659056901931763,0.3151567876338959,0.8558430671691895,0.13873420655727386,0.8517945408821106,0.3090583086013794,0.44139209389686584,0.6288667917251587,0.920903205871582,0.8592491745948792,0.06651758402585983,0.9065123200416565,0.07892386615276337,0.15305858850479126,0.2728141248226166,0.48867160081863403,0.7612078189849854
0.38408175110816956,0.06599844992160797,0.7311580181121826,0.42094242572784424,0.2606639266014099,0.23172524571418762,0.28229621052742004,4.394920349121094,0.32750794291496277,1.0250134468078613,0.6476656198501587,1.156383991241455,0.08812462538480759,0.00039999998989515007,0.8475121259689331,0.6540629267692566,0.714801013469696,3.3381106853485107,0.8921606540679932,0.8587674498558044,1.3053909540176392,0.647738516330719,0.6459294557571411,0.2619565725326538,0.528347909450531,0.33677563071250916,0.41739314794540405,0.6685277223587036,0.5632523894309998,0.4559295177459717,0.343936562538147,0.785988986492157,0.0882221981883049,0.4424658715724945,0.2604634463787079,0.32447996735572815,0.810161828994751,0.32012781500816345,0.7036662101745605,0.3940911591053009,0.567502498626709,0.9039386510848999,0.6610012054443359,0.42101848125457764,0.2742920219898224,0.43873345851898193,0.3259502351284027,0.7344409227371216,0.6673600077629089,0.560024619102478,0.22808487713336945,1.0347108840942383,0.013091008178889751,0.19790145754814148,0.04044704884290695,0.7360355257987976,0.6164594292640686
0.379974901676178,0.473640114068985,0.6679131388664246,0.9561805129051208,0.21316102147102356,0.13893885910511017,0.10979122668504715,4.806660175323486,0.006437109783291817,0.8936177492141724,0.8370014429092407,1.0304763317108154,0.12285284698009491,0.00039999998989515007,0.2541741728782654,0.5931259393692017,0.37034887075424194,3.8526594638824463,0.7523493766784668,0.6842902302742004,1.0136888027191162,0.573358952999115,0.5568336844444275,0.045298825949430466,0.3082128167152405,0.07751862704753876,0.6344919800758362,0.6279110312461853,0.5903054475784302,0.48718419671058655,0.3489932417869568,0.5771985650062561,0.01875767670571804,0.5868436694145203,0.3930750787258148,0.4481985867023468,0.6135927438735962,0.2799370586872101,0.6722598671913147,0.03494279086589813,0.7671028971672058,0.747227668762207,0.4554692804813385,0.3635023534297943,0.5458739995956421,0.37766000628471375,0.12515892088413239,0.36370962858200073,0.7511451840400696,0.541291356086731,0.05036637559533119,0.9995332360267639,0.028397087007761,0.05052224546670914,0.052134037017822266,0.5261913537979126,0.5104448199272156
0.4561072289943695,0.5077158212661743,0.5852620601654053,1.100525140762329,0.2697664201259613,0.22472894191741943,0.35998213291168213,4.808097839355469,0.17710445821285248,0.8147979974746704,0.7501317858695984,0.7914709448814392,0.05299445986747742,0.00039999998989515007,0.1200357973575592,0.4694150984287262,0.37009820342063904,4.093748092651367,0.655133843421936,0.5540668368339539,0.9207539558410645,0.5847548246383667,0.37395986914634705,0.09813613444566727,0.27854323387145996,0.012829504907131195,0.6770991086959839,0.4995468854904175,0.5773938894271851,0.3773879408836365,0.28497692942619324,0.3982451260089874,0.0988897830247879,0.7296863198280334,0.5218669176101685,0.413994699716568,0.6277652978897095,0.19148756563663483,0.5883902311325073,0.12658630311489105,0.90068519115448,0.5981276631355286,0.4961877763271332,0.3748680651187897,0.6564614772796631,0.38208073377609253,0.09030812233686447,0.32397669553756714,0.7510690093040466,0.6273344159126282,0.14412735402584076,1.0176841020584106,0.05449237674474716,0.006866714917123318,0.07277502119541168,0.4955449104309082,0.40839633345603943
0.4900917708873749,0.3990981876850128,0.6172190308570862,0.7612864375114441,0.3496302366256714,0.20272071659564972,0.12509819865226746,4.576690673828125,0.041377704590559006,0.867746889591217,0.7512722015380859,1.0749551057815552,0.17234739661216736,0.00039999998989515007,0.41160809993743896,0.7374797463417053,0.38674741983413696,3.64566707611084,0.7654209136962891,0.688743531703949,1.1525784730911255,0.6018525958061218,0.6596331000328064,0.10927368700504303,0.38249915838241577,0.23176997900009155,0.5782709717750549,0.5833946466445923,0.7176414728164673,0.6380783319473267,0.32298851013183594,0.4702613949775696,0.06813088804483414,0.38708019256591797,0.3772805333137512,0.55326247215271,0.7264184951782227,0.21546083688735962,0.6526809334754944,0.0781324952840805,0.7740763425827026,0.653378427028656,0.5270726680755615,0.5720957517623901,0.540735125541687,0.36630913615226746,0.2777339518070221,0.3812462389469147,0.7468146681785583,0.37301105260849,0.10115841031074524,0.85724276304245,0.20600761473178864,0.00013331466470845044,0.07417940348386765,0.7248764038085938,0.5302577614784241
0.402693510055542,0.6498433351516724,0.6404500603675842,1.0346266031265259,0.16970330476760864,0.05093013122677803,0.19455203413963318,4.4700727462768555,0.11148419976234436,0.9658536911010742,0.8340293169021606,1.0184794664382935,0.2385554313659668,0.00039999998989515007,0.15055783092975616,0.6871026158332825,0.2725893259048462,3.820880889892578,0.6761710047721863,0.5085281729698181,1.0717406272888184,0.5036630630493164,0.7131855487823486,0.08498378843069077,0.24801334738731384,0.0581926554441452,0.5396696925163269,0.5954166054725647,0.6359544992446899,0.742155134677887,0.26049259305000305,0.4475637376308441,0.04787671938538551,0.37385740876197815,0.32234978675842285,0.6151651740074158,0.5606545209884644,0.3308815360069275,0.7610217332839966,0.12296139448881149,0.7589597702026367,0.8215693235397339,0.38776108622550964,0.43869149684906006,0.6721844673156738,0.38279151916503906,0.13955354690551758,0.23944620788097382,0.7995498180389404,0.4072180688381195,0.17601096630096436,0.8990387916564941,0.20529378950595856,0.04354343190789223,0.07296260446310043,0.4005335569381714,0.6395859122276306
0.42963629961013794,0.7861598134040833,0.73536616563797,1.3852131366729736,0.12048642337322235,0.28466981649398804,0.02916395664215088,4.353169918060303,0.08958380669355392,1.2395505905151367,0.6132277250289917,1.0503735542297363,0.1874697059392929,0.00039999998989515007,0.0514136478304863,0.6093093156814575,0.3816795349121094,3.7254714965820312,0.6950736045837402,0.38681748509407043,1.0486854314804077,0.17933939397335052,0.4317680299282074,0.011669516563415527,0.43125417828559875,0.05131641402840614,0.8578313589096069,0.799953043460846,0.29620835185050964,0.2930470407009125,0.2810133099555969,0.28962504863739014,0.007653993554413319,0.2053222507238388,0.25480109453201294,0.3982766270637512,0.1502404361963272,0.4442046284675598,0.8626765012741089,0.15981531143188477,0.5995013117790222,0.296275794506073,0.6828131675720215,0.20513683557510376,0.759125828742981,0.21412549912929535,0.2466563731431961,0.38868382573127747,0.8601042628288269,0.6247922778129578,0.07681261748075485,0.7445963025093079,0.12825191020965576,0.04279110208153725,0.07382392138242722,0.43287163972854614,0.6293642520904541
0.505194365978241,0.06731536984443665,0.7496530413627625,0.5409975647926331,0.5509573221206665,0.34457603096961975,0.3306388258934021,4.293885231018066,0.16303503513336182,0.8000577092170715,0.69041907787323,1.0890775918960571,0.22407189011573792,0.00039999998989515007,0.580988347530365,0.7880324125289917,0.5902830362319946,3.3661880493164062,0.7087287306785583,0.8366302847862244,1.1852902173995972,0.6419958472251892,0.6799269914627075,0.22043989598751068,0.45920658111572266,0.33771783113479614,0.5112584233283997,0.6520015001296997,0.6504986882209778,0.6530177593231201,0.2627454102039337,0.6104927062988281,0.026701655238866806,0.3154892921447754,0.4133957028388977,0.44850480556488037,0.782292902469635,0.29595205187797546,0.5616326332092285,0.2783152461051941,0.6584323048591614,0.6994431614875793,0.6410278677940369,0.5039233565330505,0.27274811267852783,0.3215150237083435,0.27000024914741516,0.42368653416633606,0.5337125062942505,0.4530552625656128,0.15558935701847076,0.858579158782959,0.1822369247674942,0.043884508311748505,0.12135276943445206,0.8071349263191223,0.4713999032974243
